{
  "hash": "7592ce66",
  "configHash": "7572a1eb",
  "lockfileHash": "9456ca89",
  "browserHash": "ef00c98e",
  "optimized": {
    "@angular/platform-browser": {
      "src": "../../../../../../node_modules/@angular/platform-browser/fesm2022/platform-browser.mjs",
      "file": "@angular_platform-browser.js",
      "fileHash": "e6de9733",
      "needsInterop": false
    },
    "@angular/core": {
      "src": "../../../../../../node_modules/@angular/core/fesm2022/core.mjs",
      "file": "@angular_core.js",
      "fileHash": "9c611780",
      "needsInterop": false
    },
    "@angular/router": {
      "src": "../../../../../../node_modules/@angular/router/fesm2022/router.mjs",
      "file": "@angular_router.js",
      "fileHash": "241554a7",
      "needsInterop": false
    },
    "@angular/common/http": {
      "src": "../../../../../../node_modules/@angular/common/fesm2022/http.mjs",
      "file": "@angular_common_http.js",
      "fileHash": "cf260c28",
      "needsInterop": false
    },
    "rxjs": {
      "src": "../../../../../../node_modules/rxjs/dist/esm5/index.js",
      "file": "rxjs.js",
      "fileHash": "96bf7b62",
      "needsInterop": false
    },
    "jwt-decode": {
      "src": "../../../../../../node_modules/jwt-decode/build/esm/index.js",
      "file": "jwt-decode.js",
      "fileHash": "c30d9b72",
      "needsInterop": false
    },
    "@angular/forms": {
      "src": "../../../../../../node_modules/@angular/forms/fesm2022/forms.mjs",
      "file": "@angular_forms.js",
      "fileHash": "1940eef7",
      "needsInterop": false
    },
    "@angular/core/rxjs-interop": {
      "src": "../../../../../../node_modules/@angular/core/fesm2022/rxjs-interop.mjs",
      "file": "@angular_core_rxjs-interop.js",
      "fileHash": "cb7729a8",
      "needsInterop": false
    },
    "@angular/common": {
      "src": "../../../../../../node_modules/@angular/common/fesm2022/common.mjs",
      "file": "@angular_common.js",
      "fileHash": "5c0ca12b",
      "needsInterop": false
    }
  },
  "chunks": {
    "chunk-F7N3QWFD": {
      "file": "chunk-F7N3QWFD.js"
    },
    "chunk-QCBVKU63": {
      "file": "chunk-QCBVKU63.js"
    },
    "chunk-7VCZ5EDY": {
      "file": "chunk-7VCZ5EDY.js"
    },
    "chunk-OF2WW3V4": {
      "file": "chunk-OF2WW3V4.js"
    },
    "chunk-2WP4MRTE": {
      "file": "chunk-2WP4MRTE.js"
    },
    "chunk-VFGHUBYY": {
      "file": "chunk-VFGHUBYY.js"
    },
    "chunk-RSS3ODKE": {
      "file": "chunk-RSS3ODKE.js"
    },
    "chunk-GOMI4DH3": {
      "file": "chunk-GOMI4DH3.js"
    }
  }
}