{
  "hash": "5d022a3c",
  "configHash": "4e78ea2c",
  "lockfileHash": "9456ca89",
  "browserHash": "05e6b111",
  "optimized": {
    "@angular/common/http": {
      "src": "../../../../../../node_modules/@angular/common/fesm2022/http.mjs",
      "file": "@angular_common_http.js",
      "fileHash": "23c84a8c",
      "needsInterop": false
    },
    "@angular/core": {
      "src": "../../../../../../node_modules/@angular/core/fesm2022/core.mjs",
      "file": "@angular_core.js",
      "fileHash": "75358996",
      "needsInterop": false
    },
    "@angular/core/rxjs-interop": {
      "src": "../../../../../../node_modules/@angular/core/fesm2022/rxjs-interop.mjs",
      "file": "@angular_core_rxjs-interop.js",
      "fileHash": "179c425d",
      "needsInterop": false
    },
    "@angular/forms": {
      "src": "../../../../../../node_modules/@angular/forms/fesm2022/forms.mjs",
      "file": "@angular_forms.js",
      "fileHash": "0c4cf515",
      "needsInterop": false
    },
    "@angular/platform-browser": {
      "src": "../../../../../../node_modules/@angular/platform-browser/fesm2022/platform-browser.mjs",
      "file": "@angular_platform-browser.js",
      "fileHash": "3885a85e",
      "needsInterop": false
    },
    "@angular/router": {
      "src": "../../../../../../node_modules/@angular/router/fesm2022/router.mjs",
      "file": "@angular_router.js",
      "fileHash": "5d0fd69e",
      "needsInterop": false
    },
    "jwt-decode": {
      "src": "../../../../../../node_modules/jwt-decode/build/esm/index.js",
      "file": "jwt-decode.js",
      "fileHash": "171c3a34",
      "needsInterop": false
    },
    "rxjs": {
      "src": "../../../../../../node_modules/rxjs/dist/esm5/index.js",
      "file": "rxjs.js",
      "fileHash": "e13ab3e2",
      "needsInterop": false
    }
  },
  "chunks": {
    "chunk-GGES3YWR": {
      "file": "chunk-GGES3YWR.js"
    },
    "chunk-CHE6GOO4": {
      "file": "chunk-CHE6GOO4.js"
    },
    "chunk-G63DWCES": {
      "file": "chunk-G63DWCES.js"
    },
    "chunk-BKGXOEJR": {
      "file": "chunk-BKGXOEJR.js"
    },
    "chunk-2WP4MRTE": {
      "file": "chunk-2WP4MRTE.js"
    },
    "chunk-VFGHUBYY": {
      "file": "chunk-VFGHUBYY.js"
    },
    "chunk-RSS3ODKE": {
      "file": "chunk-RSS3ODKE.js"
    },
    "chunk-GOMI4DH3": {
      "file": "chunk-GOMI4DH3.js"
    }
  }
}