{
  "hash": "5d022a3c",
  "configHash": "4e78ea2c",
  "lockfileHash": "9456ca89",
  "browserHash": "f298eddb",
  "optimized": {
    "@angular/platform-browser": {
      "src": "../../../../../../node_modules/@angular/platform-browser/fesm2022/platform-browser.mjs",
      "file": "@angular_platform-browser.js",
      "fileHash": "90a034cc",
      "needsInterop": false
    },
    "@angular/core": {
      "src": "../../../../../../node_modules/@angular/core/fesm2022/core.mjs",
      "file": "@angular_core.js",
      "fileHash": "33537744",
      "needsInterop": false
    },
    "@angular/router": {
      "src": "../../../../../../node_modules/@angular/router/fesm2022/router.mjs",
      "file": "@angular_router.js",
      "fileHash": "c72ab1ca",
      "needsInterop": false
    },
    "@angular/common/http": {
      "src": "../../../../../../node_modules/@angular/common/fesm2022/http.mjs",
      "file": "@angular_common_http.js",
      "fileHash": "7d1b0070",
      "needsInterop": false
    },
    "rxjs": {
      "src": "../../../../../../node_modules/rxjs/dist/esm5/index.js",
      "file": "rxjs.js",
      "fileHash": "f2df41c7",
      "needsInterop": false
    },
    "jwt-decode": {
      "src": "../../../../../../node_modules/jwt-decode/build/esm/index.js",
      "file": "jwt-decode.js",
      "fileHash": "14ba7f51",
      "needsInterop": false
    },
    "@angular/forms": {
      "src": "../../../../../../node_modules/@angular/forms/fesm2022/forms.mjs",
      "file": "@angular_forms.js",
      "fileHash": "8304ceb9",
      "needsInterop": false
    },
    "@angular/core/rxjs-interop": {
      "src": "../../../../../../node_modules/@angular/core/fesm2022/rxjs-interop.mjs",
      "file": "@angular_core_rxjs-interop.js",
      "fileHash": "204eb96b",
      "needsInterop": false
    }
  },
  "chunks": {
    "chunk-K3T5C7SO": {
      "file": "chunk-K3T5C7SO.js"
    },
    "chunk-HMKXIL3Y": {
      "file": "chunk-HMKXIL3Y.js"
    },
    "chunk-QOB4WZIJ": {
      "file": "chunk-QOB4WZIJ.js"
    },
    "chunk-Y7BBX2EK": {
      "file": "chunk-Y7BBX2EK.js"
    },
    "chunk-2WP4MRTE": {
      "file": "chunk-2WP4MRTE.js"
    },
    "chunk-VFGHUBYY": {
      "file": "chunk-VFGHUBYY.js"
    },
    "chunk-RSS3ODKE": {
      "file": "chunk-RSS3ODKE.js"
    },
    "chunk-GOMI4DH3": {
      "file": "chunk-GOMI4DH3.js"
    }
  }
}